Function,Method,N4,N8,H4,H8,nmin,errmin
a,trapezoidal,768,65536,0.00260416666666667,3.0517578125e-05,98304,4.26893542737616e-09
a,midpoint,1024,98304,0.00194931773879142,2.03446381706101e-05,98304,8.53747472717714e-09
a,simpsons,42,322,0.0476190476190476,0.0062111801242236,2992,1.30384592011978e-12
a,adaptive,24,278,-,-,-,-
b,trapezoidal,12,1082,0.166666666666667,0.00184842883548983,2992,1.29289451367143e-09
b,midpoint,22,1522,0.0833333333333333,0.00131233595800525,2992,2.58233556760246e-09
b,simpsons,2,22,1,0.0909090909090909,2992,2.22044604925031e-16
b,adaptive,2,16,-,-,-,-
